id_producto|productos_descripcion
1111118|KONIGSBACHER CERVEZA ALEMANA DE TRIGO 
3456217|Cerveza MILLER Genuine Draft 330CC BOT-0.33-lt.
75001629|cerveza SOL Rubia 330cc BOT-330-cc.
75032715|cerveza CORONA Rubia 330cc BOT-330-cc.
656750797167|CERVEZA BOCATOMA AMERICAN AMB 
656750797174|CERVEZA BOCATOMA SESSION IPA  
656750817315|cerveza ORTUZAR Golden 473cc LAT-0.473-lt.
656750817322|cerveza ORTUZAR Scottish 473cc LAT-0.473-lt.
656750817339|cerveza ORTUZAR Honey 473cc LAT-0.473-lt.
656750817346|cerveza ORTUZAR German Pils 473cc LAT-0.473-lt.
656750817353|cerveza ORTUZAR Porter 473cc LAT-0.473-lt.
656750817360|cerveza ORTUZAR Dubbel 473cc LAT-0.473-lt.
656750817377|cerveza ORTUZAR Ipa 473cc LAT-0.473-lt.
656750817384|CERVEZA POKER C/BOURBON ORTUZAR LAT 473 ML
790757845794|CERVEZA HONEY
3162330450010|CERVEZA LAGER STARBERG LAT 500 ML
4002631022679|CERVEZA EN LATA
4002631022792|CERVEZA ALEMANA
4002631024147|CERVEZA NEGRA BLACK
4002631024161|CERVEZA LAGER
4002631024192|CERVEZA TRIGO
4015042107866|CERVEZA PILSENER MECKLENBURGER X 500 CC.
4015042108818|CERVEZA WEIBIER TRIGO MECKLENBURGER X 500 CC
4015042111085|CERVEZA PILSENER MECKLENBURGER X 330 CC
4015042111214|CERVEZA DUNKEL MECKLENBURGER X 500 CC
4015042111641|CERVEZA IPA MECKLENBURGER X 500 CC
5410228141266|cerveza STELLA ARTOIS 330cc porrón BOT-330-cc.
5701598035706|CERVEZA WHEAT BEAR BEER LATA 500 CC
5701598036031|CERVEZA LAGER BEAR BEER LATA 500 CC
5711018037067|CERVEZA SIN ALCOHOL MECKLENBURGER X 500 CC
7020020075539|VASO CERVEZA FREVO NADIR 320ml
7051020098129|VASO CERVEZA STOUT NADIR 473ml
7501064106859|cerveza CORONA Rubia 710cc BOT-710-cc.
7501064198847|cerveza CORONA Rubia 330cc BOT-330-cc.
7651020096233|COPA CERVEZA DUBLIN NADIR 400ml
7791001010794|BIFERDIL CHAMPU CERVEZA MIEL 250 ML
7791720040010|CERVEZA RUBIA APOLO PET X 1 LT
7791822688714|COPA CERVEZA NORUEGA 420cc
7792798000395|cerveza BRAHMA Chopp 340cc Ret BOT-340-cc.
7792798000425|cerveza NORTE Blanca BOT-1-lt.
7792798000708|cerveza IGUANA Pilsener 1lt Ret BOT-1-lt.
7792798000838|CERVEZA BRAHMA QAZUL 1000cc
7792798001101|cerveza PATAGONIA Ipa Sauco OW 730cc BOT-730-ml.
7792798001293|cerveza STELLA ARTOIS Rubia 473cc LAT-473-cc.
7792798001309|cerveza STELLA ARTOIS 473cc six pack TER PCK-6-un.
7792798001316|CERVEZA NEGRA LATA, QUILMES STOUT, 473 cm3
7792798001323|CERVEZA NEGRA LATA SIX PACK, QUILMES STOUT, 2838 cm3
7792798001712|Pack Cerveza Rubia Golden 473cc 6 Unidades Andes Origen
7792798001927|Pack X6 Cervezas Kilometro 24.7 Session Ipa Con Sauco 2838 Ml Patagonia
7792798001934|CERVEZA AMBER LAGER 473 ML X 6 UNI PATAGONIA PAK 2838 ML
7792798001965|CERVEZA ROJA AMBER LAGER PATAGONIA LATA X 473 CC
7792798001972|CERVEZA VARIED 24.7KM IPA PATAGONIA LATA X 473CC
7792798002115|CERVEZA RUBIA RETORNABLE ANDES ORIGEN BOTELLA X1LT
7792798002122|CERVEZA ROJA RETORNABLE ANDES ORIGEN BOTELLA X 1LT
7792798002139|cerveza ANDES ORIGEN Negra 1lt Ret BOT-1-lt.
7792798002153|cerveza ANDES ORIGEN Roja 340cc BOT-340-cc.
7792798002245|cerveza ANDES LAT 473cc LAT-473-cc.
7792798002252|cerveza ANDES six pack 473 cc LAT-473-cc.
7792798002320|cerveza ANDES ORIGEN Negra 473cc LAT-473-cc.
7792798002337|CERVEZA MENDOCINA ROJA LATA X6U, ANDES ORIGEN, 2838 cm3
7792798002344|CERVEZA NEGRA 473 ML X 6 UNI ANDES ORIGEN PAK 2838 ML
7792798002351|CERVEZA S/RETORNO AMBER LAGER, PATAGONIA, 730 cm3
7792798002368|cerveza PATAGONIA Bohemian 740cc BOT-740-cc.
7792798002375|cerveza PATAGONIA Weisse 730cc BOT-730-cc.
7792798002399|Pack X6 Cervezas Kilometro 24.7 En Botella 4380ml Patagonia
7792798002566|CERVEZA AMBER LAGER LATA, PATAGONIA, 473 cm3
7792798002726|CERVEZA IPA ANDINA LATA, ANDES ORIGEN, 473 cm3
7792798002757|CERVEZA ORIGEN IPA RETORNABLE ANDES X 1LT
7792798002788|Cerveza Andes Origen Iparubia Lata 473 ml 6 Unidades
7792798003563|cerveza PATAGONIA Bohemian 473cc LAT-473-ml.
7792798003594|cerveza PATAGONIA Bohemian 473cc 6un PCK-6-un.
7792798003709|Cerveza Corona Porron 330ml X 24 Unidades
7792798003716|Pack X12 Cervezas Pale Lager 710 Cc Corona
7792798003723|CERVEZA LONG NECK SIX PACK, CORONA, 1980 cu
7792798003938|CERVEZA BLANCA VERA IPA PATAGONIA LATA X473CC
7792798003945|Cerveza Patagonia Vera Ipa Neipapajizo Lata 473 ml 6 Unidades
7792798005086|cerveza HEINEKEN Rubia 473cc sixpack PCK-6-un.
7792798005888|cerveza BRAHMA Chopp 473cc LAT-473-cc.
7792798005956|cerveza PATAGONIA Amber 410cc LAT-410-cc.
7792798005970|Pack 6 Cerveza Brahma Chopp American Adjunct Lager 473ml
7792798006045|cerveza STELLA ARTOIS 330cc porrón BOT-330-cc.
7792798006199|CERVEZA STELLA ARTOIS 975 C.C.
7792798007158|cerveza PATAGONIA Amber Lager 730cc BOT-730-cc.
7792798007165|cerveza PATAGONIA Bohemian 740cc BOT-740-cc.
7792798007172|cerveza PATAGONIA Weisse 730cc BOT-730-cc.
7792798007387|CERVEZA BLANCA CLASICA QUILMES BOTELLA RET X 1 LT
7792798007400|CERVEZA NEGRA C/RETORNO, QUILMES STOUT, 1000 cm3
7792798007424|CERVEZA QUILMES BAJO CERO 1L.
7792798007431|CERVEZA QUILMES LIEBER 1 LT.
7792798007493|cerveza BRAHMA Chopp Rubia 1lt Ret BOT-1-lt.
7792798007738|CERVEZA 1890 1L.
7792798007813|cerveza ANDES Blanca Ret. 1lt BOT-1-lt.
7792798007844|cerveza STELLA ARTOIS Noire 975cc BOT-975-cc.
7792798008858|cerveza TEMPLE Wolf Ipa 473cc LAT-473-cc.
7792798008865|cerveza TEMPLE Honey 473cc LAT-473-cc.
7792798008889|cerveza TEMPLE Wolf Ipa 473cc Six pack PCK-6-un.
7792798008896|cerveza TEMPLE Honey 473cc Six pack PCK-6-un.
7792798009107|CERVEZA SIN ALCOHOL 0.0% QUILMES LAT 473 ML
7792798009114|CERVEZA SIN ALCOHOL 0.0% QUILMES PACK X6 UNID 2,84 ML
7792798009312|cerveza STELLA ARTOIS Noire 473cc LAT-473-ml.
7792798009343|cerveza TEMPLE Scottish 473cc Six pack PCK-6-un.
7792798009350|cerveza TEMPLE Scottish 473cc LAT-473-cc.
7792798009428|cerveza STELLA ARTOIS Noire 473cc 6un PCK-6-un.
7792798010561|cerveza STELLA ARTOIS P. Malta 975cc Ret BOT-975-cc.
7792798010578|Pack X24 Cervezas Belgium Rubia 330ml Cada Una Stella Artois
7792798010592|Cerveza Stella Artois Premium Lagerrubia Lata 473 ml 6 Unidades
7792798010615|cerveza STELLA ARTOIS Rubia 473cc LAT-473-cc.
7792798010639|CERVEZA NEGRA STELLA ARTOIS NOIRE LATA X 473 CC
7792798010684|cerveza STELLA ARTOIS 473cc six pack TER PCK-6-un.
7792798010745|Cerveza Negra Premium 473ml X 6 Unidades Stella Artois Noire
7792798010776|cerveza STELLA ARTOIS Noire 975cc BOT-975-cc.
7792798010882|CERVEZA S/RETORNO VERA IPA, PATAGONIA, 730 cm3
7792798011087|cerveza QUILMES Clasica 340cc Ret BOT-340-cc.
7792798011094|cerveza 27 EAZY 473cc LAT-473-cc.
7792798011100|cerveza 27 EAZY 473cc sixpack Carton PCK-2.838-lt.
7792798011179|CERVEZA
7792798011261|cerveza ANDES ORIGEN Ipa Roja 473cc 6un PCK-6-un.
7792798011421|cerveza BRAHMA Dorada 473cc LAT-473-cc.
7792798011438|cerveza BRAHMA Dorada 473cc 6un PCK-2.838-lt.
7792798011520|cerveza QUILMES Doble Malta 473cc LAT-0.473-lt.
7792798011568|cerveza QUILMES Doble Malta 473cc pack PCK-2.838-lt.
7792798012435|cerveza CORONA Rubia 410cc LAT-0.41-lt.
7792798012527|cerveza CORONA Rubia 410cc sixpack PCK-2.46-lt.
7792798012565|CERVEZA BRAHMA LATA 473cc
7792798012572|cerveza ANDES ORIGEN Fresquita 473cc LAT-0.473-lt.
7792798012589|cerveza ANDES ORIGEN Fresquita 473cc 4un PCK-2.838-lt.
7792798012671|cerveza STELLA ARTOIS Blanche 975cc Ret BOT-0.97-lt.
7792798012701|cerveza STELLA ARTOIS Blanche 473cc LAT-0.473-lt.
7792798012725|cerveza STELLA ARTOIS Blanche 473cc 6un PCK-2.838-lt.
7792798012879|cerveza ANDES ORIGEN Fresquita 1lt BOT-1-lt.
7792798012923|cerveza QUILMES Clasica 473cc LAT-473-cc.
7792798012947|Pack X6 Cervezas Clásica Rubia Lata 2838 Ml Quilmes
7792798012961|cerveza PATAGONIA Amber Lager 1lt ret BOT-1-lt.
7792798013357|cerveza BUDWEISER Rubia 710cc PCK-0.71-lt.
7792798013388|CERVEZA BLANCA IPA QUILMES LATA X 473 CC
7792798013395|cerveza QUILMES Ipa 473cc sixpack PCK-2.838-lt.
7792798013418|CERVEZA BLANCA GOLDEN TEMPLE LATA X 473 CC
7792798013425|cerveza TEMPLE Golden 473cc six pack PCK-2.838-lt.
7792798013470|CERVEZA PORRON SIN ALCOHOL, STELLA ARTOIS, 330 cm3
7792798013487|CERVEZA SIN ALCOHOL 0,0% STELLA ARTOIS LAT 473 CMQ
7792798013494|Pack X6 Unidades Cerveza Sin Alcohol 473 Ml Stella Artois
7792798013500|CERVEZA LONG NECK S/ALCOCHOL X6, STELLA ARTOIS, 1980 cm3
7792798013531|cerveza BUDWEISER Rubia 710cc fourpack LAT-2.84-lt.
7792798013593|cerveza BRAHMA Dorada 1lt BOT-1-lt.
7792798013678|CERVEZA IPA QUILMES BOTELLA RET X 1 LT
7792798013777|cerveza PATAGONIA Ipa Estelar 473cc LAT-0.473-lt.
7792798013791|cerveza GOOSE ISLAND Lager 473cc LAT-0.473-lt.
7792798013807|cerveza GOOSE ISLAND Lager 473cc sixpack PCK-2.838-lt.
7792798013821|cerveza PATAGONIA Ipa Estelar 473cc 6un PCK-2.838-lt.
7792798013838|cerveza BRAHMA Chopp 473cc LAT-0.473-lt.
7792798013845|cerveza BRAHMA Chopp 473cc 6un PCK-2.838-lt.
7792798013913|cerveza QUILMES Hinchada 473cc LAT-0.473-lt.
7792798013937|CERVEZA BLANCA 1890 QUILMES N BOT RET X 1 LT
7792798013944|CERVEZA IPA ANDINA
7792798013951|CERVEZA RUBIA 1890 QUILMES LATA X 473 CC
7792798013975|cerveza STELLA ARTOIS Rubia 710cc LAT-0.71-lt.
7792798013982|cerveza STELLA ARTOIS  Rubia 710cc 4un PCK-2.84-lt.
7792798013999|CERVEZA RUBIA BAJO CERO QUILMES BOT RET X 1 LT
7792798014019|cerveza MICHELOB Gluten Free 473cc LAT-0.473-lt.
7792798014026|Michelob Ultra Rubia 6 Unidades 473ml Cerveza Lager Sin Gluten
7792798014040|cerveza GOOSE ISLAND Lager OW730cc BOT-0.72-lt.
7792798014064|cerveza GOOSE ISLAND Lager 473cc sixpack PCK-2.838-lt.
7792798014156|cerveza ANDES ORIGEN Rubia 710cc LAT-0.71-lt.
7792798014163|Cerveza Andes Origen Rubia Latón 710ml X 4 Unidades
7792798014255|cerveza BRAHMA Musica 2023 473cc LAT-0.473-lt.
7792798014262|cerveza BRAHMA Musica 1lt Ret BOT-1-lt.
7792798014279|cerveza BRAHMA Musica 2023 473cc 6un PCK-2.838-lt.
7792798014347|cerveza GOOSE ISLAND Lager 710cc LAT-0.71-lt.
7792798014354|cerveza GOOSE ISLAND Lager 710cc 4pack PCK-2.84-lt.
7792798014361|cerveza STELLA ARTOIS Vintage Rubi 473cc LAT-0.473-lt.
7792798014378|cerveza STELLA ARTOIS Vintage Rubi 975cc BOT-0.97-lt.
7792798014385|cerveza STELLA ARTOIS Vinage 473cc pack PCK-2.838-lt.
7792798014491|cerveza BUDWEISER Musica 473cc LAT-2.838-lt.
7792798014507|cerveza BUDWEISER Musica 473cc sixpack PCK-0.473-lt.
7792798014705|cerveza CORONA Rubia 473cc PCK-0.473-lt.
7792798014750|cerveza CORONA Rubia 473cc sixpack LAT-0.473-lt.
7792798014835|CERVEZA BLANCA QUILMES LATA X 710 CC
7792798014842|Pack 4 Cervezas Clásica Dorada Lata 710ml Cada Una Quilmes
7792798014873|Cerveza Corona Sin Alcohol No Retornable 330mlx24 Unidades
7792798014934|CERVEZA RUBIA ORO LATA, ANDES ORIGEN, 473 cm3
7792798014958|CERVEZA RUBIA ORO SIX PACK, ANDES ORIGEN, 2838 cm3
7792798015009|CERVEZA BCA LAGER DEL SUR PATAGONIA LATA X473CC
7792798015016|Pack X6 Latas De Cerveza Patagonia Lager Del Sur 473ml C/u
7792798015023|CERVEZA VARIEDADES LAGER DEL SUR PATAGONIA X 730 C
7792798015061|CERVEZA BLANCA BRAHMA LATA X 710 CC
7792798170555|cerveza HEINEKEN Rubia 330cc BOT-330-cc.
7792798171606|cerveza HEINEKEN Rubia 330cc sixpack PCK-6-un.
7792798172207|cerveza HEINEKEN Rubia 473cc LAT-473-cc.
7792798779277|cerveza STELLA ARTOIS Rubia 473cc 6un PCK-6-un.
7792798992317|CERVEZA MENDOCINA ROJA LATA, ANDES ORIGEN, 473 cm3
7792798999866|cerveza ANDES ORIGEN Rubia 473cc LAT-473-cc.
7793147000752|CERVEZA RUBIA LAGER IMPERIAL LATA X 473 CC
7793147000899|cerveza HEINEKEN Rubia 1lt Ret BOT-1-lt.
7793147000967|CERVEZA BLANCA SALTA RETORNABLE BOTELLA X 1 LT
7793147000974|CERVEZA NEGRA SALTA BOTELLA RET X 1 LT
7793147000981|cerveza IMPERIAL Rubia 1lt BOT-1-lt.
7793147000998|CERVEZA IMPERIAL CREAM STOUT RET.1lt.
7793147001001|cerveza IMPERIAL Roja 1lt Ret BOT-1-lt.
7793147001025|cerveza SCHNEIDER Lager Rubia 1lt BOT-1-lt.
7793147001049|cerveza SANTA FE Rubia 1lt Ret BOT-1-lt.
7793147001056|CERVEZA BLANCA BUDWEISER BOTELLA RET X 1 LT
7793147001117|Cerveza CBA 473cc LAT-473-cc.
7793147001216|cerveza SOL Rubia 330cc BOT-330-cc.
7793147001223|CERVEZA SOL 650cc.
7793147001353|Cerveza cordoba bot. BOT-970-cc.
7793147001704|cerveza SOL Rubia 473cc LAT-473-cc.
7793147001742|CERVEZA NEGRA STOUT IMPERIAL LATA X 473 CC
7793147001780|cerveza IMPERIAL Stout 473cc Sixpack PCK-6-un.
7793147001827|cerveza MILLER Genuine Draft  473cc LAT-0.473-lt.
7793147009137|cerveza HEINEKEN Rubia 330cc BOT-330-cc.
7793147009168|CERVEZA HEINEKEN LATA PACK 6u.x354cc.
7793147009175|cerveza HEINEKEN Rubia 473cc sixpack PCK-6-un.
7793147009182|CERVEZA HEINEKEN LATA 354cc
7793147009199|cerveza HEINEKEN Rubia 473cc LAT-473-cc.
7793147009243|cerveza HEINEKEN Rubia 330cc sixpack PCK-6-un.
7793147117023|Cerveza cordoba bot. BOT-970-cc.
7793147118822|CERVEZA LAGER BUDWEISER LATA X 473 CC
7793147118846|Cerveza Budweiser American Adjunct Lagerrubia Lata 473 ml 6 Unidades
7793147118853|CERVEZA SCHNEIDER LATA 355cc.
7793147118860|cerveza SCHNEIDER Lager Rubia 473cc LAT-473-cc.
7793147118884|cerveza SCHNEIDER Lager Rubia 473cc 6un PCK-6-un.
7793147119133|CERVEZA RUBIA LATA SIX PACK, SANTA FE, 2838 cm3
7793147570057|cerveza MILLER Genuine Draft  473cc 6u PCK-6-un.
7793147570088|cerveza MILLER Genuine Draft 1lt Ret BOT-1-lt.
7793147570149|cerveza IMPERIAL Lager 473cc sixpack PCK-6-un.
7793147570231|Cerveza MILLER Genuine Draft 330CC BOT-0.33-lt.
7793147570262|Cerveza MILLER Genuine Draft 600cc BOT-600-cc.
7793147570286|cerveza SANTA FE Lager 473cc LAT-473-ml.
7793147570330|CERVEZA RUBIA IPA IMPERIAL BOTELLA RET X 1 LT
7793147570347|Cerveza Salta lata 473ml LAT-473-cc.
7793147570606|cerveza SCHNEIDER Lager Rubia 710cc LAT-710-cc.
7793147570637|cerveza BLUE MOON Belgian White 355cc BOT-355-cc.
7793147570743|CERVEZA RUBIA IPA IMPERIAL LATA X 473 CC
7793147570774|cerveza IMPERIAL Roja 473cc LAT-473-cc.
7793147570828|CERVEZA ISENBECK RUBIA RETORNAB 1LT
7793147570842|cerveza GROLSCH Pilsner 925cc Ret BOT-925-ml.
7793147570866|cerveza GROLSCH Pilsner 473cc LAT-473-ml.
7793147570873|cerveza GROLSCH 473cc six pack PCK-6-un.
7793147570927|CERVEZA BLANCA WARSTEINER LATA X 473 CC
7793147570934|cerveza WARSTEINER 473cc six pack PCK-6-un.
7793147570989|cerveza WARSTEINER 1lt Retornable BOT-1-lt.
7793147571108|CERVEZA SCHNEIDER ROJA PACK2838CC
7793147571160|CERVEZA RUBIA APA IMPERIAL LATA X 473 CC
7793147571177|cerveza IMPERIAL Apa 1lt BOT-1-lt.
7793147571191|cerveza IMPERIAL Roja 473cc sixpack PCK-6-un.
7793147571207|cerveza IMPERIAL Ipa 473cc sixpack PCK-6-un.
7793147571238|cerveza IMPERIAL Apa 473cc sixpack PCK-6-un.
7793147571283|cerveza HEINEKEN Rubia 710cc LAT-710-cc.
7793147571344|cerveza SALTA Negra 473cc LAT-473-cc.
7793147571382|cerveza MILLER Genuine Draft 710cc LAT-0.71-lt.
7793147571412|cerveza IMPERIAL Rubia 710cc LAT-710-cc.
7793147571672|cerveza IMPERIAL Golden 1lt BOT-1-lt.
7793147571689|CERVEZA RUBIA GOLDEN IMPERIAL LATA X 473 CC
7793147571726|cerveza IMPERIAL Golden 473cc sixpack PCK-6-un.
7793147571795|cerveza WARSTEINER 473cc six pack PCK-6-un.
7793147571818|cerveza GROLSCH 473cc six pack PCK-6-un.
7793147571856|cerveza SCHNEIDER Lager Rubia 473cc 6un PCK-6-un.
7793147571863|cerveza HEINEKEN Rubia 473cc sixpack PCK-6-un.
7793147571870|cerveza IMPERIAL Lager 473cc sixpack PCK-6-un.
7793147571887|cerveza MILLER Genuine Draft  473cc 6u PCK-6-un.
7793147572037|cerveza AMSTEL Lager 1lt Ret BOT-1-lt.
7793147572044|cerveza AMSTEL Lager 473cc LAT-473-cc.
7793147572051|cerveza AMSTEL Lager 473 sixpack PCK-6-un.
7793147572075|CERVEZA RUBIA PILSEN SANTA FE LATA X 473 CC
7793147572082|CERVEZA RUBIA PILSEN SANTA FE BOTELLA X 1 LT
7793147572099|CERVEZA PILSEN LATA X 6U, SANTA FE, 2838 cm3
7793147572204|cerveza NORTE Blanca BOT-1-lt.
7793147572211|cerveza IGUANA Pilsener 1lt Ret BOT-1-lt.
7793147572242|CERVEZA LATA SIX PACK, GROLSCH, 2838 cm3
7793147572259|cerveza IMPERIAL Roja 473cc sixpack PCK-6-un.
7793147572266|cerveza IMPERIAL Stout 473cc Sixpack PCK-6-un.
7793147572273|CERVEZA LATA IPA PACK X6U, IMPERIAL, 2838 cm3
7793147572280|CERVEZA LATA APA PACK X6U, IMPERIAL, 2838 cm3
7793147572297|cerveza IMPERIAL Golden 473cc sixpack PCK-6-un.
7793147572303|CERVEZA LATA SIX PACK, WARSTEINER, 2838 cm3
7793147572310|cerveza SOL Rubia 473cc sixpack PCK-2.838-lt.
7793147572327|cerveza SALTA CAUTIVA Rubia 473cc LAT-473-cc.
7793147572334|CERVEZA BLANCA SALTA CAUTIVA RETORNABLE BOT X 1 LT
7793147572341|cerveza SALTA CAUTIVA Rubia 473cc 6un PCK-2.838-lt.
7793147572372|cerveza SALTA CAUTIVA Roja 473cc sixpack PCK-2.838-lt.
7793147572389|cerveza SALTA CAUTIVA Roja 473cc LAT-473-cc.
7793147572396|cerveza SALTA CAUTIVA Roja 1tl Ret BOT-1-lt.
7793147572402|CERVEZA LAGER LATA SIX PACK, AMSTEL, 2838 cm3
7793147572433|cerveza BLUE MOON Belgian White 473cc LAT-473-cc.
7793147572587|cerveza SALTA CAUTIVA Blend 1lt Ret BOT-1-lt.
7793147572624|CERVEZA RUBIA GOLDEN IMPERIAL LATA X 710 CC
7793147572655|cerveza NORTE Rubia 473cc LAT-473-cc.
7793147572679|cerveza IMPERIAL Golden 710cc sixpack PCK-6-un.
7793147572723|cerveza IMPERIAL Roja 473cc LAT-473-cc.
7793147572747|cerveza IMPERIAL Roja 1lt Ret BOT-1-lt.
7793147572754|cerveza IMPERIAL Roja 473cc sixpack PCK-6-un.
7793147572808|cerveza HEINEKEN Cero 355cc LAT-0.355-lt.
7793147572815|cerveza IMPERIAL Roja 0.0% 355cc LAT-0.355-lt.
7793147572822|CERVEZA SIN ALCOHOL GOLDEN CERO IMPERIAL LAT 355 ML
7793147572839|cerveza GROLSCH Red Ale 473cc LAT-0.473-lt.
7793147572846|cerveza GROLSCH Ipa 473cc LAT-0.473-lt.
7793147572853|CERVEZA BLANCA LAGER AMSTEL LATA X 710 CC
7793147572907|cerveza BIECKERT Bapa 473cc LAT-0.5-lt.
7793147572914|cerveza BIECKERT Urbana 473cc LAT-0.5-lt.
7793147573034|cerveza BIECKERT Urbana 473cc LAT-0.5-lt.
7793147573096|CERVEZA PALERMO RUBIA 970CC
7793147573126|cerveza HEINEKEN 150 años 1lt Ret BOT-1-lt.
7793147573133|CERVEZA PORRON ED 150 AÑO
7793147573188|cerveza WARSTEINER ED Ret. 1lt BOT-1-lt.
7793147573195|cerveza BLUE MOON Belgian White 473cc LAT-473-cc.
7793147573232|CERVEZA BLANCA LIVIANA CORDOBA BOTELLA RET X 1 LT
7793147573249|CERVEZA BLANCA LIVIANA CORDOBA LATA X 473 CC
7793147573324|cerveza IMPERIAL Extra Lager UAR 473cc LAT-0.5-lt.
7793147573331|cerveza IMPERIAL Lager 473cc sixpack PCK-6-un.
7793147573355|cerveza WARSTEINER E. Limitada 473cc LAT-0.473-lt.
7793147573362|cerveza WARSTEINER 473cc six pack PCK-6-un.
7793147573386|CERVEZA BLANCA GENUINE DRAFT MILLER LATA X 473 CC
7793147573409|cerveza SCHNEIDER Lager Rubia 473cc 6un PCK-6-un.
7793147573423|cerveza MILLER Genuine Draft  473cc 6u PCK-6-un.
7793147573447|cerveza BIECKERT Costanera Sur  473cc LAT-0.473-lt.
7793147573461|cerveza BIECKERT Bapa 630cc BOT-0.636-lt.
7793147573492|cerveza MILLER ED. 330cc BOT-0.33-lt.
7793147573508|CERVEZA LONG NECK SIX PACK, MILLER, 1980 cm3
7793147573515|CERVEZA BLANCA LIVIANA ISENBECK LATA X 473 CC
7793147573546|CERVEZA BLANCA AMSTEL LAGER PURA MALTA LATA X 473
7793147573560|cerveza IMPERIAL Golden Ligera 473cc LAT-0.473-lt.
7793147573591|CERVEZA LAGER BOTELLA C/RETORNO, AMSTEL, 1000 cm3
7793147573607|cerveza SCHNEIDER Lager Rubi AFA 1lt Ret BOT-1-lt.
7793147573614|cerveza SOL Rubia 473cc LAT-473-cc.
7793147573621|cerveza SOL Rubia 473cc sixpack PCK-2.838-lt.
7793147573652|cerveza SOL Rubia 330cc BOT-330-cc.
7793147573683|cerveza SALTA CAUTIVA Session Ipa 473cc LAT-0.473-lt.
7793147573720|CERVEZA GOLDEN N IMPERIAL BOTELLA RET X 1 LT
7793147573737|CERVEZA RUBIA LAGER IMPERIAL N BOTELLA RET X 1 LT
7793147573744|CERVEZA RUBIA SANTA FE BOTELLA RET X 1 LT
7793147573751|CERVEZA BLANCA NORTE BOTELLA RET X 1
7793147574024|cerveza BLUE MOON Belgian White 355cc BOT-355-cc.
7793147574109|CERVEZA LIVIANA GOLDEN IMPERIAL BOT 330 CMQ
7795379101061|NATUFARMA LEVADURA DE CERVEZA
7795697000190|cerveza GROLSCH Pilsner 925cc Ret BOT-925-ml.
7795697000213|cerveza GROLSCH Pilsner 473cc LAT-473-ml.
7795697000220|cerveza GROLSCH 473cc six pack PCK-6-un.
7795697001401|CERVEZA ISENBECK 1 LT.ENV.RETOR.
7795697001661|CERVEZA ISENBECK 1lt ENV.NO RETOR.
7795697001692|CERVEZA ISENBECK LONG NECK 355cc
7795697001708|CERVEZA ISENBECK 1 LT.ENV.RETOR.
7795697002149|cerveza WARSTEINER 473cc six pack PCK-6-un.
7795697101415|CERVEZA ISENBECK LONG NECK 355cc
7795697104928|CERVEZA ISENBECK 1lt ENV.NO RETOR.
7795697431345|cerveza MILLER Genuine Draft 1lt Ret BOT-1-lt.
7795697431352|Cerveza MILLER Genuine Draft 330CC BOT-0.33-lt.
7795697611167|CERVEZA ISENBECK LATA 473cc.
7795697611662|CERVEZA ISENBECK 1lt ENV.NO RETOR.
7795697612133|cerveza WARSTEINER 473cc LAT-473-ml.
7795697612706|cerveza WARSTEINER 1lt Retornable BOT-1-lt.
7795697615127|Cerveza MILLER Genuine Draft 600cc BOT-600-cc.
7795697615172|cerveza MILLER Genuine Draft  473cc LAT-0.473-lt.
7795742011201|CERVEZA BRAHMA CHOPP 1lt.
7795742084359|cerveza BRAHMA Chopp 473cc LAT-473-cc.
7798054012980|CERVEZA RUBIA
7798091030268|cerveza ANTARES Caravana 473cc LAT-473-ml.
7798091030275|cerveza ANTARES Ipa 473cc LAT-473-ml.
7798091030299|CERVEZA ARTESANAL HONEY ANTARES LATA 473 CC
7798091030329|CERVEZA ARTESANAL KOLSCH ANTARES LATA 473 CC
7798091030343|CERVEZA ARTESANAL SCOTCH ANTARES LATA 473 CC
7798091030350|CERVEZA DORADA CITRICA PLAYA GRANDE, ANTARES, 473 cm3
7798091030497|cerveza ANTARES Ipa 25 años 473cc LAT-0.473-lt.
7798091030510|CERVEZA ARTESANAL IPA NEW ANTARES LATA 473 CC
7798091030527|CERVEZA ARTESANAL LAGER ANTARES LATA 473 CC
7798101830031|CERVEZA IPA BR 330 CC         
7798101830055|CERVEZA HONEY BR 330 CC       
7798101830154|CERVEZA BARBA ROJA FRUTADA X 1
7798101831045|CERVEZA FRUTADA BR 330 CC     
7798116251104|MOSTAZA BRENNAN A LA CERVEZA POT-200-gr.
7798119090014|CERVEZA LONG NECK RUBIA PILSEN, BLEST, 355 cm3
7798119090021|CERVEZA LONG NECK NEGRA BOCK, BLEST, 355 cm3
7798119090069|CERVEZA LONG NECK ROJA SCOTCH, BLEST, 355 cm3
7798119090076|CERVEZA LONG NECK INDIA PALE ALE, BLEST, 355 cm3
7798119090083|CERVEZA LONG NECK HONEY QUEEN, BLEST, 355 cm3
7798119090137|CERVEZA LATA SCOTCH, BLEST, 473 cm3
7798119090144|CERVEZA IPA LATA, BLEST, 473 cm3
7798119090151|CERVEZA LATA HONEY, BLEST, 473 cm3
7798119090212|CERVEZA MEXICAN LAGER LATA, BLEST, 473 cm3
7798135920753|VASO CERVEZA DESCART
7798137950055|CERVEZA RUBIA GOLDEN ALE, BEAGLE, 1000 cm3
7798137950062|CERVEZA ROJA RED ALE, BEAGLE, 1000 cm3
7798137950079|CERVEZA NEGRA CREAM STOUT, BEAGLE, 1000 cm3
7798137950086|CERVEZA LONG NECK ZERO IPA, CAPE HORN, 500 cm3
7798137953100|CERVEZA RUBIA LONG NECK GOLDEN ALE, BEAGLE, 330 cm3
7798137953209|CERVEZA NEGRA LONG NECK CREAM STOUT, BEAGLE, 330 cm3
7798137953308|CERVEZA ROJA LONG NECK RED ALE, BEAGLE, 330 cm3
7798137955203|CERVEZA LONG NECK PALE ALE, CAPE HORN, 500 cm3
7798137955302|CERVEZA LONG NECK OATMEAL STOUT, CAPE HORN, 500 cm3
7798137955609|CERVEZA LONG NECK HONEY, CAPE HORN, 500 cm3
7798137955708|CERVEZA LONG NECK PILSEN, CAPE HORN, 500 cm3
7798137955920|CERVEZA EXTRA OSCURA IPA, BEAGLE, 1000 cm3
7798137955944|CERVEZA GLACIER LAGER, BEAGLE, 1000 cm3
7798137956163|CERVEZA LAGER LATA, PIONERA, 473 cm3
7798146380287|CERVEZA PATAG. SPECIAL BITTER LATA, BERLINA, 473 cm3
7798165591183|cerveza BEEPURE Honey 500cc BOT-0.5-lt.
7798165591480|cerveza BEEPURE Blonde 500cc BOT-0.5-lt.
7798165591497|cerveza BEEPURE Scotish 500cc BOT-0.5-lt.
7798165591503|cerveza BEEPURE Session Ipa 500cc BOT-0.5-lt.
7798165591510|cerveza BEEPURE Belgian White 500cc BOT-0.5-lt.
7798287170013|CERVEZA RUBIA KOLSCH PENON DEL AGUILA LATA X 473CC
7798287170020|cerveza PEÑON DEL AGUILA Roja 473cc LAT-473-ml.
7798287170037|CERVEZA  SCHWARZBIER PEÑON LAT-473-ml.
7798287170044|cerveza PEÑON DEL AGUILA Miel 473CC LAT-473-ml.
7798287170129|CERVEZA EXTRA OSC. WALDBIER LATA, PEÑON DEL AGUIL, 473 cm3
7798287170181|cerveza PEÑON DEL AGUILA Mexi Lage 473cc LAT-473-cc.
7798287170365|cerveza LIT Light Lager 473cc LAT-473-cc.
7798287170433|CERVEZA RED ALE LIT LATA X 473 CC
7798287170655|cerveza PEÑON DEL AGUILA Abstemia 473cc LAT-0.473-lt.
7798287170815|PACK CERVEZA PENON DEL AGUILA LATA 2 X473 + 1 COPA
7798332150014|CERVEZA IPA SUPER STAR BIERHAUS LAT 473 CMQ
7798332150038|CERVEZA HONEY LAZYBEE BIERHAUS LAT 473 CMQ
7798332150045|CERVEZA SCOTCH MOMENT BIERHAUS LAT 473 CMQ
7798332150076|CERVEZA APA BOSS TOWN BIERHAUS LAT 473 CMQ
7798332150151|CERVEZA IPA TIMELESS RED BIERHAUS LAT 473 CMQ
7798332150267|cerveza BIERHAUS Mex Lager 473cc LAT-473-cc.
7798332150724|cerveza BIERHAUS Chalaland 473cc LAT-0.473-lt.
7798332150779|cerveza BIERHAUS Chalalager 473cc LAT-0.473-lt.
7798332150816|CERVEZA LAGER GOLD.STATE BIERHAUS LAT 473 CMQ
7798339250137|cerveza RABIETA American Ipa 473cc LAT-473-cc.
7798339250144|cerveza RABIETA Golden Ale 473cc LAT-473-cc.
7798339250151|cerveza RABIETA Red Irish Ale 473cc LAT-473-cc.
7798339250182|cerveza RABIETA Red Honey 473cc LAT-473-cc.
7798339250199|CERVEZA RABIETA WEE HEAVY LAT 473 CMQ
7798339250212|cerveza RABIETA Helles Munich 473cc LAT-473-cc.
7798339250229|cerveza RABIETA Apa 473cc LAT-473-cc.
7798339250236|cerveza RABIETA Red Ipa 473cc LAT-473-cc.
7798339250588|CERVEZA SIETE CHOLAS AMERICAN  IPA LAT 473 CMQ
7798339250601|CERVEZA SIETE CHOLAS LAGER  LAT 473 CMQ
7798339251127|cerveza PAMPA BREWING IPA 473cc LAT-473-cc.
7798339251134|cerveza PAMPA BREWING Amber Ale 473cc LAT-473-cc.
7798339251141|cerveza PAMPA BREWING Golden Ale 473cc LAT-473-cc.
7798339251370|cerveza PAMPA BREWING Honey 473cc LAT-473-cc.
7798339251509|cerveza GUINNESS Extra Stout 473cc LAT-473-cc.
7798339251561|cerveza PAMPA BREWING Cream Stout 473cc LAT-473-cc.
7798339253336|CERVEZA HONEY SIETE CHOLAS LAT 473 ML
7798348300021|CERVEZA S TACC DE MIJO MIEL GAUTHER LATA X 473 CC
7798348300038|CERVEZA S TACC DE MIJO FRAMB GAUTHER LATA 473CC
7798348300045|CERVEZA S TACC DE MIJO ORO GAUTHER LATA X 473 CC
7798357150013|CERVEZA GOYENECHE BLONDE 500  
7798357150020|CERVEZA GOYENECHE SCOTISH 500 
7798357150037|CERVEZA GOYENECHE PORTER 500  
7798357150051|CERVEZA GOYENECHE HONEY 500   
7802100003270|CERVEZA SIN ALCOHOL 0.0 % HEINEKEN BOT 330 CMQ
7802107000562|cerveza KUNSTMANN Roja Torobayo 470cc LAT-470-cc.
7802107000876|cerveza KUNSTMANN Ipa Session 470cc LAT-470-cc.
7891149011209|CERVEZA BRAHMA CHOPP 1lt.
7891155000389|VASO CERVEZA TULIPA NADIR 300ml
7891155003229|VASO CERVEZA MUNICH NADIR 300ml
7891155003908|COPA CERVEZA FLORIDA 300ml.
7891155013150|VASO CERVEZA MUNICH NADIR 530ml
7891155013839|VASO CERVEZA FREVO NADIR 320ml
7891155042600|COPA CERVEZA DUBLIN NADIR 400ml
7891155043829|VASO CERVEZA STOUT NADIR 473ml
8008440222008|CERVEZA RUBIA PERONI BOT 330 ML
8480017273574|CERVEZA LAGER
8480017282880|CERVEZA DORADA LATA
8480017293749|CERVEZA LAGER
8480017306913|CERVEZA LAGER PET
8712000025649|CERVEZA HEINEKEN BARRIL 5lt
8712000900045|CERVEZA HEINEKEN LATA 473cc.
8712000900540|CERVEZA HEINEKEN LATA 354cc
8718104900110|CERVEZA RUBIA STRONG 12 ORANJEBOOM LATA X 500 CC
8718104902343|CERVEZA RUBIA ORIGINAL ORANJEBOOM LATA X 500 CC.
8725000183646|CERVEZA NEGRA WEIDMANN PILSENER LATA X 500 CC
